{
  "Total" : {
    "transaction" : "Total",
    "sampleCount" : 400,
    "errorCount" : 0,
    "errorPct" : 0.0,
    "meanResTime" : 10964.984999999993,
    "medianResTime" : 11832.0,
    "minResTime" : 3196.0,
    "maxResTime" : 17941.0,
    "pct1ResTime" : 13920.800000000001,
    "pct2ResTime" : 15671.099999999999,
    "pct3ResTime" : 17576.780000000002,
    "throughput" : 6.817910651280915,
    "receivedKBytesPerSec" : 137.00571479401387,
    "sentKBytesPerSec" : 0.7690123830302205
  },
  "category" : {
    "transaction" : "category",
    "sampleCount" : 100,
    "errorCount" : 0,
    "errorPct" : 0.0,
    "meanResTime" : 9354.699999999995,
    "medianResTime" : 9721.0,
    "minResTime" : 3196.0,
    "maxResTime" : 13903.0,
    "pct1ResTime" : 13371.1,
    "pct2ResTime" : 13640.9,
    "pct3ResTime" : 13900.409999999998,
    "throughput" : 2.531453307343746,
    "receivedKBytesPerSec" : 59.8476104662937,
    "sentKBytesPerSec" : 0.29665468445434523
  },
  "sector" : {
    "transaction" : "sector",
    "sampleCount" : 100,
    "errorCount" : 0,
    "errorPct" : 0.0,
    "meanResTime" : 11169.87,
    "medianResTime" : 12924.0,
    "minResTime" : 3230.0,
    "maxResTime" : 13947.0,
    "pct1ResTime" : 13112.5,
    "pct2ResTime" : 13768.3,
    "pct3ResTime" : 13946.91,
    "throughput" : 2.0279450832471455,
    "receivedKBytesPerSec" : 47.85475096834378,
    "sentKBytesPerSec" : 0.2336889842023078
  },
  "home" : {
    "transaction" : "home",
    "sampleCount" : 200,
    "errorCount" : 0,
    "errorPct" : 0.0,
    "meanResTime" : 11667.685000000001,
    "medianResTime" : 11977.5,
    "minResTime" : 5991.0,
    "maxResTime" : 17941.0,
    "pct1ResTime" : 15665.2,
    "pct2ResTime" : 16857.1,
    "pct3ResTime" : 17819.760000000002,
    "throughput" : 3.8311240517967975,
    "receivedKBytesPerSec" : 63.48292276453912,
    "sentKBytesPerSec" : 0.4190291931652747
  }
}